,HB106,JC003,HB101,JC066,5470.12,JC149,5297.02,JC032,HB105,HB612,JC133,JC006,JC022,JC055,JC094,HB609,HB202,HB103,JC109,HB603,JC093,JC103,HB602,HB407,JC057
HB106,0.0,2.454,0.1399,1.1296,2.4211,2.0327,2.5981,2.2316,0.18,0.1598,5.9488,1.8945,1.98,3.4913,3.6873,0.0561,1.8477,0.1073,3.0521,1.0321,3.8202,2.8424,0.7328,0.7489,1.5189
JC003,2.454,0.0,2.3237,1.3551,2.8402,0.6162,2.313,0.4699,2.4373,2.3854,3.628,0.6169,2.3263,2.175,2.5401,2.5073,4.2475,2.5326,2.2783,3.4068,2.5305,2.3689,3.1614,2.524,2.9563
HB101,0.1399,2.3237,0.0,1.0117,2.4301,1.916,2.5659,2.0943,0.1678,0.1092,5.8098,1.7719,1.8774,3.358,3.5585,0.1868,1.9582,0.2423,2.9277,1.1311,3.689,2.7244,0.8474,0.7035,1.4826
JC066,1.1296,1.3551,1.0117,0.0,2.1257,0.9042,1.96,1.2326,1.1514,1.0928,4.9434,0.7687,1.9545,2.8612,3.1435,1.1851,2.9695,1.1963,2.6191,2.138,3.2233,2.5256,1.8587,1.4248,2.0873
5470.12,2.4211,2.8402,2.4301,2.1257,0.0,2.2425,0.7564,3.0378,2.5839,2.535,6.2606,2.3409,4.047,4.8643,5.1852,2.4554,3.8309,2.3778,4.7178,3.24,5.2323,4.6469,2.9125,3.1279,3.9056
JC149,2.0327,0.6162,1.916,0.9042,2.2425,0.0,1.7714,0.8263,2.0535,1.9957,4.2215,0.2106,2.4087,2.6714,3.0172,2.0884,3.8735,2.0957,2.6535,3.0404,3.0366,2.6755,2.7629,2.2648,2.8297
5297.02,2.5981,2.313,2.5659,1.96,0.7564,1.7714,0.0,2.5976,2.7324,2.6751,5.5755,1.9202,3.9088,4.4427,4.7876,2.6437,4.2344,2.5851,4.3931,3.5454,4.8076,4.3735,3.2126,3.2154,3.9646
JC032,2.2316,0.4699,2.0943,1.2326,3.0378,0.8263,2.5976,0.0,2.184,2.1386,3.7282,0.697,1.862,1.8459,2.1912,2.2811,3.9546,2.3217,1.8565,3.1183,2.2118,1.9199,2.902,2.1824,2.542
HB105,0.18,2.4373,0.1678,1.1514,2.5839,2.0535,2.7324,2.184,0.0,0.0614,5.8835,1.9014,1.8123,3.3652,3.5497,0.178,1.8221,0.272,2.9069,0.9869,3.6881,2.6881,0.7243,0.5696,1.3424
HB612,0.1598,2.3854,0.1092,1.0928,2.535,1.9957,2.6751,2.1386,0.0614,0.0,5.8436,1.8454,1.8202,3.3468,3.5371,0.1772,1.8787,0.2635,2.8984,1.0452,3.6727,2.6853,0.7765,0.6062,1.3833
JC133,5.9488,3.628,5.8098,4.9434,6.2606,4.2215,5.5755,3.7282,5.8835,5.8436,0.0,4.2443,4.8387,3.0785,3.2396,5.9959,7.5652,6.0428,3.7618,6.7565,3.0254,4.0954,6.5826,5.7621,5.8391
JC006,1.8945,0.6169,1.7719,0.7687,2.3409,0.2106,1.9202,0.697,1.9014,1.8454,4.2443,0.0,2.1991,2.5357,2.8721,1.9496,3.7235,1.9643,2.4804,2.8863,2.903,2.4881,2.6188,2.0805,2.6273
JC022,1.98,2.3263,1.8774,1.9545,4.047,2.4087,3.9088,1.862,1.8123,1.8202,4.8387,2.1991,0.0,1.8676,1.9238,1.9899,2.9206,2.082,1.2462,2.2477,2.1068,0.951,2.2338,1.335,1.0338
JC055,3.4913,2.175,3.358,2.8612,4.8643,2.6714,4.4427,1.8459,3.3652,3.3468,3.0785,2.5357,1.8676,0.0,0.38,3.5226,4.7668,3.5981,0.6851,4.0376,0.368,1.0219,3.9542,3.0479,2.9014
JC094,3.6873,2.5401,3.5585,3.1435,5.1852,3.0172,4.7876,2.1912,3.5497,3.5371,3.2396,2.8721,1.9238,0.38,0.0,3.7142,4.8444,3.7946,0.6777,4.1524,0.2166,0.9916,4.0976,3.1846,2.9458
HB609,0.0561,2.5073,0.1868,1.1851,2.4554,2.0884,2.6437,2.2811,0.178,0.1772,5.9959,1.9496,1.9899,3.5226,3.7142,0.0,1.7916,0.095,3.0756,0.9766,3.8493,2.8612,0.6767,0.7363,1.4992
HB202,1.8477,4.2475,1.9582,2.9695,3.8309,3.8735,4.2344,3.9546,1.8221,1.8787,7.5652,3.7235,2.9206,4.7668,4.8444,1.7916,0.0,1.8,4.1668,0.8407,5.0257,3.8638,1.1151,1.8042,1.9131
HB103,0.1073,2.5326,0.2423,1.1963,2.3778,2.0957,2.5851,2.3217,0.272,0.2635,6.0428,1.9643,2.082,3.5981,3.7946,0.095,1.8,0.0,3.1592,1.0016,3.9273,2.9484,0.6872,0.8307,1.5908
JC109,3.0521,2.2783,2.9277,2.6191,4.7178,2.6535,4.3931,1.8565,2.9069,2.8984,3.7618,2.4804,1.2462,0.6851,0.6777,3.0756,4.1668,3.1592,0.0,3.4777,0.8642,0.3379,3.4311,2.5179,2.2711
HB603,1.0321,3.4068,1.1311,2.138,3.24,3.0404,3.5454,3.1183,0.9869,1.0452,6.7565,2.8863,2.2477,4.0376,4.1524,0.9766,0.8407,1.0016,3.4777,0.0,4.3207,3.1978,0.333,1.0043,1.3432
JC093,3.8202,2.5305,3.689,3.2233,5.2323,3.0366,4.8076,2.2118,3.6881,3.6727,3.0254,2.903,2.1068,0.368,0.2166,3.8493,5.0257,3.9273,0.8642,4.3207,0.0,1.1898,4.2548,3.3434,3.1349
JC103,2.8424,2.3689,2.7244,2.5256,4.6469,2.6755,4.3735,1.9199,2.6881,2.6853,4.0954,2.4881,0.951,1.0219,0.9916,2.8612,3.8638,2.9484,0.3379,3.1978,1.1898,0.0,3.1715,2.2622,1.958
HB602,0.7328,3.1614,0.8474,1.8587,2.9125,2.7629,3.2126,2.902,0.7243,0.7765,6.5826,2.6188,2.2338,3.9542,4.0976,0.6767,1.1151,0.6872,3.4311,0.333,4.2548,3.1715,0.0,0.9133,1.4384
HB407,0.7489,2.524,0.7035,1.4248,3.1279,2.2648,3.2154,2.1824,0.5696,0.6062,5.7621,2.0805,1.335,3.0479,3.1846,0.7363,1.8042,0.8307,2.5179,1.0043,3.3434,2.2622,0.9133,0.0,0.7794
JC057,1.5189,2.9563,1.4826,2.0873,3.9056,2.8297,3.9646,2.542,1.3424,1.3833,5.8391,2.6273,1.0338,2.9014,2.9458,1.4992,1.9131,1.5908,2.2711,1.3432,3.1349,1.958,1.4384,0.7794,0.0
