station_id,name,lat,lon,net_flow
4298.05,Degraw St & Smith St,40.6829151,-73.99318208,1
4413.08,Warren St & Court St,40.686371,-73.99383324,1
4446.01,Bergen St & Smith St,40.6867443,-73.99063168,2
4446.05,Dean St & Hoyt St,40.6864442,-73.98759104,2
4614.04,Atlantic Ave & Furman St,40.69165183,-73.9999786,1
4659.02,Myrtle Ave & St Edwards St,40.69327018,-73.97703874,1
4692.01,Clermont Ave & Park Ave,40.69573398,-73.97129668,1
4846.01,South St & Whitehall St,40.70122128,-74.01234218,2
4953.04,South St & Gouverneur Ln,40.70355377,-74.00670227,1
4993.13,Old Slip & South St,40.70336686695866,-74.007867872715,1
4993.15,Water St & Gouverneur Ln,40.70469667894968,-74.00803416967392,1
5001.08,Little West St & 1 Pl,40.70569254,-74.01677685,2
5024.10,Water St & Fletcher St,40.706410755236135,-74.00559738278389,1
5073.08,Greenwich St & Rector St,40.708351,-74.013493,1
5105.01,Liberty St & Broadway,40.70905623,-74.01043382,7
5114.06,West Thames St,40.70834698,-74.01713445,1
5134.09,Broadway & Kent Ave,40.710888,-73.968329,1
5137.10,Spruce St & Nassau St,40.71146364,-74.00552427,2
5137.11,Fulton St & William St,40.70960089363537,-74.00655090808868,6
5175.08,Fulton St & Broadway,40.711066,-74.009447,9
5184.08,West St & Liberty St,40.711444,-74.014847,2
5207.01,Centre St & Chambers St,40.71273266,-74.0046073,1
5216.04,Barclay St & Church St,40.71291224,-74.01020234,1
5238.05,St James Pl & Oliver St,40.71307916,-73.99851193,1
5247.10,Reade St & Broadway,40.71450451,-74.00562789,1
5256.06,Vesey St & West St,40.714063,-74.014432,3
5262.09,Madison St & Montgomery St,40.713126,-73.984844,1
5288.12,Murray St & Greenwich St,40.714851505262516,-74.01122331619263,1
5297.02,Vesey Pl & River Terrace,40.7153379,-74.01658354,23
5303.08,Canal St & Rutgers St,40.71427487,-73.98990025,1
5348.10,Grand St & Wythe Ave,40.71575,-73.96433,1
5359.11,Leonard St & Church St,40.717571,-74.005549,1
5359.13,Church St & Worth St,40.71688538495366,-74.00650128722191,1
5368.03,River Ter & Warren St,40.71759894980997,-74.01587963104248,11
5382.06,Grand St & Elizabeth St,40.718822,-73.99596,1
5391.06,Lispenard St & Broadway,40.71939226,-74.00247214,1
5430.08,Franklin St & W Broadway,40.71911552,-74.00666661,1
5430.10,6 Ave & Walker St,40.7197920901383,-74.0052238852195,1
5445.07,Stanton St & Norfolk St,40.720747,-73.986274,1
5450.04,N 12 St & Bedford Ave,40.72079821,-73.95484712,7
5453.01,Rivington St & Chrystie St,40.72110063,-73.9919254,1
5470.10,Greenwich St & Hubert St,40.721319,-74.010065,5
5470.12,North Moore St & Greenwich St,40.72019521437465,-74.0103006362915,25
5492.05,Cleveland Pl & Spring St,40.722103786686034,-73.99724900722504,1
5509.02,Washington St & Laight St,40.72231,-74.0106,2
5539.06,Laight St & Hudson St,40.72185379,-74.00771779,1
5539.08,Varick St & Watts St,40.723635749203936,-74.006020305859,1
5561.04,Mott St & Prince St,40.72317958,-73.99480012,1
5561.06,Lafayette St & Jersey St,40.72456089,-73.99565293,5
5569.06,W Broadway & Spring St,40.72494672359416,-74.00165855884552,1
5578.02,Watts St & Greenwich St,40.72405549,-74.00965965,1
5610.09,6 Ave & Broome St,40.72431,-74.00473,3
5616.01,E 9 St & Ave C,40.72521311,-73.97768752,1
5653.12,Spring St & Hudson St,40.72583996792375,-74.0076532959938,3
5679.05,Mercer St & Bleecker St,40.72706363348306,-73.99662137031554,1
5679.08,Bleecker St & Crosby St,40.72615604980408,-73.99510189890862,8
5687.04,MacDougal St & Prince St,40.72710258,-74.00297088,2
5696.03,Pier 40 - Hudson River Park,40.7277140777778,-74.01129573583603,1
5730.08,Greenwich St & W Houston St,40.728846,-74.008591,1
5788.12,E 12 St & 3 Ave,40.73223272,-73.98889957,1
5847.01,Christopher St & Greenwich St,40.73291553,-74.00711384,1
5922.04,Greenwich St & Perry St,40.73498,-74.00697,1
6022.04,E 16 St & 5 Ave,40.73726186,-73.99238967,1
6030.04,W 13 St & 7 Ave,40.73781509,-73.99994661,2
6039.06,Washington St & Gansevoort St,40.739323,-74.008119,1
6072.11,8 Ave & W 16 St,40.740983,-74.001702,2
6072.16,Gansevoort St & Hudson St,40.73937600789778,-74.00520807425661,3
6115.06,Hudson St & W 13 St,40.74005708567285,-74.0052741765976,2
6115.09,W 15 St & 10 Ave,40.742753828659026,-74.00747358798981,4
6157.04,10 Ave & W 14 St,40.741981599940225,-74.00831580162048,2
6190.03,W 18 St & 9 Ave,40.7435337324616,-74.00367558002472,1
6206.08,E 30 St & Park Ave S,40.74444921,-73.98303529,1
6215.04,W 25 St & 6 Ave,40.74395411,-73.99144871,1
6233.04,Pier 61 at Chelsea Piers,40.746872,-74.00821,6
6306.01,W 20 St & 10 Ave,40.745686,-74.005141,1
6306.06,W 22 St & 10 Ave,40.74691959,-74.00451887,1
6364.07,6 Ave & W 33 St,40.74901271,-73.98848395,2
6364.10,6 Ave & W 34 St,40.74964,-73.98805,1
6389.09,E 39 St & Lexington Ave,40.749498546025194,-73.97729203113158,3
6432.08,Park Ave & E 41 St,40.751581,-73.97791,2
6432.09,Park Ave & E 42 St,40.751873,-73.977706,8
6450.05,8 Ave & W 31 St,40.7505853470215,-73.9946848154068,1
6459.04,10 Ave & W 28 St,40.75066386,-74.00176802,3
6459.07,W 30 St & 10 Ave,40.752694,-74.002353,12
6492.08,9 Ave & W 33 St,40.752568,-73.996765,7
6498.10,E 47 St & 2 Ave,40.75323098,-73.97032517,1
6526.01,W 35 St & 8 Ave,40.752762088742045,-73.99280458705107,3
6535.04,W 34 St & Hudson Blvd E,40.75516719072139,-74.00059908628464,7
6541.03,E 48 St & 3 Ave,40.7546011026,-73.971878855,1
6551.02,W 44 St & 5 Ave,40.75500254,-73.98014437,1
6578.01,W 34 St & 11 Ave,40.75594159,-74.0021163,8
6593.15,6 Ave & W 45 St,40.756951,-73.982631,1
6611.02,W 37 St & 10 Ave,40.75660359,-73.9979009,1
6611.07,Hudson Blvd W & W 36 St,40.75676475086503,-73.99971440439913,4
6617.09,E 53 St & Lexington Ave,40.75828065,-73.97069431,1
6626.01,E 48 St & 5 Ave,40.75724567911726,-73.97805914282799,1
6650.07,E 55 St & 2 Ave,40.75797322,-73.96603308,1
6659.09,Madison Ave & E 51 St,40.75863,-73.97513,1
6691.11,E 56 St & 3 Ave,40.75934501,-73.96759673,1
6726.01,11 Ave & W 41 St,40.76030096,-73.99884222,3
6740.01,W 52 St & 6 Ave,40.76132983124814,-73.97982001304626,1
6740.10,W 51 St & 6 Ave,40.7606597,-73.98042047,2
6756.05,W 44 St & 11 Ave,40.762009,-73.996975,3
6765.01,12 Ave & W 40 St,40.76087502,-74.00277668,8
6779.05,Broadway & W 53 St,40.76344058,-73.98268129,1
6786.02,W 47 St & 9 Ave,40.76153045158114,-73.99007007479668,1
6816.07,8 Ave & W 52 St,40.76370739,-73.9851615,4
6830.04,3 Ave & E 62 St,40.76313,-73.96527,1
6854.05,W 50 St & 9 Ave,40.763604677958625,-73.98917958140373,1
6948.10,Broadway & W 58 St,40.76695317,-73.98169333,1
6955.05,W 54 St & 11 Ave,40.768333,-73.992573,2
7023.04,W 59 St & 10 Ave,40.770513,-73.988038,1
7175.05,Columbus Ave & W 72 St,40.7770575,-73.97898475,1
7188.13,Madison Ave & E 82 St,40.7781314,-73.96069399,1
8057.02,Grand Concourse & E 164 St,40.829608,-73.921461,1
8358.03,W 180 St & Fort Washington Ave,40.849972,-73.938423,3
HB101,Hoboken Terminal - Hudson St & Hudson Pl,40.73593758446329,-74.03030455112457,32
HB103,South Waterfront Walkway - Sinatra Dr & 1 St,40.73698221818716,-74.02778059244156,-67
HB105,City Hall - Washington St & 1 St,40.73736,-74.03097,16
HB106,River St & Newark St,40.736722273163316,-74.02900660353771,174
HB201,12 St & Sinatra Dr N,40.750604142368964,-74.02402013540268,-20
HB202,14 St Ferry - 14 St & Shipyard Ln,40.752960630464955,-74.02435272932053,-73
HB203,Bloomfield St & 15 St,40.75453,-74.02658,-16
HB301,4 St & Grand St,40.7422579775645,-74.03511106967926,-7
HB302,6 St & Grand St,40.744397833095604,-74.03450086712837,-3
HB303,Clinton St & 7 St,40.74542,-74.03332,-7
HB304,7 St & Monroe St,40.74641264837719,-74.03797701001167,-20
HB305,9 St HBLR - Jackson St & 8 St,40.74790720968899,-74.03841152787209,6
HB401,Southwest Park - Jackson St & Observer Hwy,40.73755127245804,-74.04166370630264,-10
HB402,Madison St & 1 St,40.73879,-74.0393,-2
HB407,Adams St & 2 St,40.73981372311843,-74.03690412640572,-24
HB408,Marshall St & 2 St,40.740802,-74.042521,-5
HB409,Clinton St & Newark St,40.73743,-74.03571,6
HB410,Harrison St & 4 St,40.74312966983124,-74.0407342210294,-11
HB501,Columbus Park - Clinton St & 9 St,40.74816121065146,-74.0324530005455,-5
HB502,11 St & Washington St,40.74998490907138,-74.02715027332306,-9
HB503,Madison St & 10 St,40.74994325412246,-74.03586477041245,0
HB505,Willow Ave & 12 St,40.7518674823282,-74.03037697076797,5
HB506,Grand St & 14 St,40.75409,-74.0316,7
HB601,Church Sq Park - 5 St & Park Ave,40.74265933273143,-74.03223305940628,6
HB602,Stevens - River Ter & 6 St,40.74313282710551,-74.02698867022991,-26
HB603,8 St & Washington St,40.745983882915624,-74.02819901704788,-39
HB608,2 St & Park Ave,40.73915272763701,-74.0330819785595,7
HB609,River St & 1 St,40.73721535335381,-74.02886540972803,-79
HB610,Adams St & 12 St,40.751889392240685,-74.03329162748534,-8
HB611,4 St & River St,40.7408139,-74.0274062,5
HB612,Newark St & Washington St,40.73681,-74.0309,15
JC002,Paulus Hook,40.7141454,-74.0335519,-2
JC003,City Hall,40.7177325,-74.043845,102
JC006,Warren St,40.7211236,-74.03805095,14
JC008,Newport Pkwy,40.7287448,-74.0321082,6
JC009,Hamilton Park,40.727595966,-74.044247311,-22
JC013,Marin Light Rail,40.71458403535893,-74.04281705617905,-11
JC014,Columbus Drive,40.71835519823214,-74.03891444206238,-3
JC018,5 Corners Library,40.734961020009514,-74.0595030784607,-16
JC019,Hilltop,40.7311689,-74.0575736,-11
JC020,Baldwin at Montgomery,40.7236589,-74.0641943,1
JC022,Oakland Ave,40.7376037,-74.0524783,-196
JC023,Brunswick St,40.7241765,-74.0506564,-7
JC024,Pershing Field,40.742677141,-74.051788633,-6
JC027,Jersey & 6th St,40.72528910781132,-74.04557168483734,-10
JC032,Newark Ave,40.72152515,-74.046304543,18
JC034,Christ Hospital,40.734785818,-74.050443636,-12
JC035,Van Vorst Park,40.71848892,-74.047726625,7
JC038,Essex Light Rail,40.7127742,-74.0364857,-3
JC051,Union St,40.7182113,-74.0836394,7
JC052,Liberty Light Rail,40.7112423,-74.0557013,-8
JC053,Lincoln Park,40.7246050998869,-74.07840594649315,0
JC055,McGinley Square,40.7253399253558,-74.06762212514877,-139
JC057,Riverview Park,40.7443187,-74.0439909,-24
JC059,Heights Elevator,40.748715945380226,-74.04044330120087,0
JC063,Jackson Square,40.71113,-74.0789,-3
JC065,Dey St,40.737711,-74.066921,-6
JC066,Newport PATH,40.7272235,-74.0337589,30
JC072,Morris Canal,40.7124188237569,-74.03852552175522,-22
JC074,Jersey & 3rd,40.72333158646436,-74.04595255851744,8
JC075,Monmouth & 6th,40.72568548362901,-74.04879033565521,-10
JC076,Dixon Mills,40.721630142638354,-74.04996782541275,4
JC077,Astor Place,40.71928220070702,-74.07126188278198,-1
JC078,Lafayette Park,40.71346382669195,-74.06285852193832,-7
JC080,Leonard Gordon Park,40.74590996631558,-74.0572714805603,-6
JC081,Brunswick & 6th,40.72601172964625,-74.05038893222809,-12
JC082,Manila & 1st,40.721650724879986,-74.04288411140442,14
JC084,Communipaw & Berry Lane,40.71435836870427,-74.06661093235016,-18
JC093,Fairmount Ave,40.72572613742557,-74.07195925712585,-39
JC094,Glenwood Ave,40.72755146730012,-74.07106071710587,-89
JC095,Bergen Ave,40.722103786686034,-74.07145500183105,-17
JC097,York St & Marin Blvd,40.716615000830494,-74.0424120426178,-6
JC098,Washington St,40.7242941,-74.0354826,-5
JC099,Montgomery St,40.71942,-74.05099,4
JC102,Grand St,40.71517767732029,-74.03768330812454,8
JC103,Journal Square,40.73367,-74.0625,-27
JC105,Hoboken Ave at Monmouth St,40.73520838045357,-74.04696375131607,-13
JC107,Grant Ave & MLK Dr,40.70919832245443,-74.08084273338318,0
JC108,Bergen Ave & Stegman St,40.70657545063453,-74.0867006778717,4
JC109,Bergen Ave & Sip Ave,40.73100888698729,-74.06443700194359,-44
JC110,JC Medical Center,40.71539114317,-74.04969155788422,-18
JC115,Grove St PATH,40.71941,-74.04309,14
JC116,Exchange Pl,40.71636596185077,-74.034343957901,14
JC117,Dr. Lena Edwards Park,40.713203,-74.058261,-2
JC118,Pacific Ave & Communipaw Ave,40.711354,-74.062446,0
JC119,Garfield Light Rail,40.710526,-74.070112,14
JC120,Arlington Ave & Bramhall Ave,40.713225,-74.070645,2
JC121,MLK Dr & Bramhall Ave,40.71647,-74.07413,-11
JC122,Union St & Bergen Ave,40.71575,-74.07887,3
JC123,Carteret Ave & Arlington Ave,40.709142,-74.074553,-5
JC124,West Side Ave Light Rail,40.714964,-74.08829,-5
JC127,Arlington Ave & Wilkinson Ave,40.704503,-74.07721,-3
JC130,Woodlawn Ave & Sterling Ave,40.7073,-74.09243,-3
JC131,West Side Ave & Stegman Pkwy,40.71087,-74.09368,5
JC132,Van Nostrand Ave & Ocean Ave,40.69983,-74.08416,4
JC133,Richard St Light Rail,40.6990691577764,-74.07915010654774,15
JC134,Wade St & MLK Dr,40.7017,-74.08952,-2
JC135,Danforth Ave & Sullivan Dr,40.70436,-74.09811,5
JC137,Ferris Triangle Park,40.69877,-74.09216,0
JC138,Ocean Ave & New St,40.6968,-74.08862,12
JC139,Danforth Light Rail,40.69277,-74.0878,-1
JC140,Caven Point Recreation Fields,40.69222,-74.08025,-3
JC142,Culver Ave & JFK Blvd,40.71005,-74.08576,-1
JC143,MLK Dr & Bayview Ave,40.7071,-74.08335,4
JC144,Danforth Ave & JFK Blvd,40.70056,-74.09474,5
JC145,Mallory Ave & Roosevelt Ave,40.72203,-74.08596,-3
JC148,Bay St & Washington St,40.720216,-74.03656,-5
JC149,Washington St & Morgan St,40.719445793042716,-74.03689158686865,24
